form	label	len	freq	train_freq	dev_freq	form	form_freq	label	num_labels	label_freq
영화	CV_ART	2	5241	4246	995	영화	5242	CV_ART	2	7666
영화	FD_ART	2	1	1	0	영화	5242	FD_ART	2	50
한국	LCP_COUNTRY	2	927	745	182	한국	977	LCP_COUNTRY	4	4628
한국	OGG_SPORTS	2	40	32	8	한국	977	OGG_SPORTS	4	1017
한국	OGG_POLITICS	2	9	6	3	한국	977	OGG_POLITICS	4	4964
한국	CV_LANGUAGE	2	1	0	1	한국	977	CV_LANGUAGE	4	60
이날	DT_DAY	2	809	647	162	이날	809	DT_DAY	1	5422
서울	LCP_CAPITALCITY	2	786	630	156	서울	788	LCP_CAPITALCITY	2	1162
서울	OGG_SPORTS	2	2	2	0	서울	788	OGG_SPORTS	2	1017
배우	CV_OCCUPATION	2	773	622	151	배우	773	CV_OCCUPATION	1	4368
경찰	OGG_POLITICS	2	735	607	128	경찰	755	OGG_POLITICS	2	4964
경찰	CV_OCCUPATION	2	20	18	2	경찰	755	CV_OCCUPATION	2	4368
미국	LCP_COUNTRY	2	554	467	87	미국	605	LCP_COUNTRY	3	4628
미국	OGG_POLITICS	2	45	38	7	미국	605	OGG_POLITICS	3	4964
미국	OGG_SPORTS	2	6	4	2	미국	605	OGG_SPORTS	3	1017
A	PS_NAME	1	589	484	105	A	593	PS_NAME	3	21537
A	QT_ORDER	1	3	2	1	A	593	QT_ORDER	3	2695
A	OGG_ECONOMY	1	1	1	0	A	593	OGG_ECONOMY	3	2003
감독	CV_OCCUPATION	2	513	409	104	감독	568	CV_OCCUPATION	2	4368
감독	CV_POSITION	2	55	53	2	감독	568	CV_POSITION	2	4600
일본	LCP_COUNTRY	2	498	404	94	일본	526	LCP_COUNTRY	3	4628
일본	OGG_POLITICS	2	17	16	1	일본	526	OGG_POLITICS	3	4964
일본	OGG_SPORTS	2	11	11	0	일본	526	OGG_SPORTS	3	1017
드라마	CV_ART	3	512	399	113	드라마	522	CV_ART	2	7666
드라마	AFA_VIDEO	3	10	10	0	드라마	522	AFA_VIDEO	2	2799
김	PS_NAME	1	483	401	82	김	488	PS_NAME	2	21537
김	CV_FOOD	1	5	4	1	김	488	CV_FOOD	2	402
대통령	CV_POSITION	3	458	388	70	대통령	468	CV_POSITION	2	4600
대통령	OGG_POLITICS	3	10	9	1	대통령	468	OGG_POLITICS	2	4964
오후	TI_DURATION	2	428	366	62	오후	428	TI_DURATION	1	2402
중국	LCP_COUNTRY	2	398	318	80	중국	420	LCP_COUNTRY	4	4628
중국	OGG_POLITICS	2	15	13	2	중국	420	OGG_POLITICS	4	4964
중국	OGG_SPORTS	2	6	6	0	중국	420	OGG_SPORTS	4	1017
중국	CV_TRIBE	2	1	0	1	중국	420	CV_TRIBE	4	271
10점	QT_OTHERS	3	377	321	56	10점	385	QT_OTHERS	3	1917
10점	QT_COUNT	3	6	6	0	10점	385	QT_COUNT	3	3399
10점	QT_ORDER	3	2	2	0	10점	385	QT_ORDER	3	2695
오전	TI_DURATION	2	355	300	55	오전	355	TI_DURATION	1	2402
북한	LCP_COUNTRY	2	233	195	38	북한	351	LCP_COUNTRY	3	4628
북한	OGG_POLITICS	2	116	97	19	북한	351	OGG_POLITICS	3	4964
북한	OGG_SPORTS	2	2	2	0	북한	351	OGG_SPORTS	3	1017
박	PS_NAME	1	335	287	48	박	337	PS_NAME	2	21537
박	PS_CHARACTER	1	2	1	1	박	337	PS_CHARACTER	2	1027
의원	CV_POSITION	2	327	264	63	의원	327	CV_POSITION	1	4600
정부	OGG_POLITICS	2	310	268	42	정부	310	OGG_POLITICS	1	4964
1점	QT_OTHERS	2	298	269	29	1점	305	QT_OTHERS	3	1917
1점	QT_SPORTS	2	6	4	2	1점	305	QT_SPORTS	3	376
1점	QT_COUNT	2	1	1	0	1점	305	QT_COUNT	3	3399
이	PS_NAME	1	304	265	39	이	304	PS_NAME	1	21537
검찰	OGG_POLITICS	2	290	244	46	검찰	290	OGG_POLITICS	1	4964
하나	QT_COUNT	2	273	228	45	하나	287	QT_COUNT	5	3399
하나	QT_MAN_COUNT	2	11	10	1	하나	287	QT_MAN_COUNT	5	2254
하나	QT_ORDER	2	1	1	0	하나	287	QT_ORDER	5	2695
하나	PS_NAME	2	1	1	0	하나	287	PS_NAME	5	21537
하나	OGG_ECONOMY	2	1	0	1	하나	287	OGG_ECONOMY	5	2003
지난해	DT_YEAR	3	268	226	42	지난해	268	DT_YEAR	1	2426
1편	QT_ORDER	2	219	195	24	1편	219	QT_ORDER	1	2695
대표	CV_POSITION	2	189	154	35	대표	189	CV_POSITION	1	4600
가수	CV_OCCUPATION	2	186	152	34	가수	186	CV_OCCUPATION	1	4368
가족	CV_RELATION	2	185	142	43	가족	185	CV_RELATION	1	1813
주인공	CV_POSITION	3	181	149	32	주인공	181	CV_POSITION	1	4600
회장	CV_POSITION	2	176	143	33	회장	176	CV_POSITION	1	4600
B	PS_NAME	1	173	151	22	B	175	PS_NAME	2	21537
B	QT_ORDER	1	2	1	1	B	175	QT_ORDER	2	2695
학생	CV_OCCUPATION	2	171	147	24	학생	171	CV_OCCUPATION	1	4368
오늘	DT_DAY	2	159	123	36	오늘	159	DT_DAY	1	5422
국회	OGG_POLITICS	2	157	131	26	국회	158	OGG_POLITICS	2	4964
국회	AF_BUILDING	2	1	1	0	국회	158	AF_BUILDING	2	655
아들	CV_RELATION	2	156	126	30	아들	156	CV_RELATION	1	1813
올해	DT_YEAR	2	154	131	23	올해	154	DT_YEAR	1	2426
부산	LCP_CITY	2	151	109	42	부산	153	LCP_CITY	2	1768
부산	OGG_SPORTS	2	2	1	1	부산	153	OGG_SPORTS	2	1017
새누리당	OGG_POLITICS	4	153	124	29	새누리당	153	OGG_POLITICS	1	4964
프랑스	LCP_COUNTRY	3	145	125	20	프랑스	152	LCP_COUNTRY	2	4628
프랑스	OGG_SPORTS	3	7	5	2	프랑스	152	OGG_SPORTS	2	1017
선수	CV_OCCUPATION	2	148	122	26	선수	148	CV_OCCUPATION	1	4368
지난달	DT_MONTH	3	145	126	19	지난달	145	DT_MONTH	1	1474
17일	DT_DAY	3	141	113	28	17일	141	DT_DAY	1	5422
러시아	LCP_COUNTRY	3	124	105	19	러시아	141	LCP_COUNTRY	3	4628
러시아	OGG_SPORTS	3	10	8	2	러시아	141	OGG_SPORTS	3	1017
러시아	OGG_POLITICS	3	7	7	0	러시아	141	OGG_POLITICS	3	4964
영국	LCP_COUNTRY	2	136	114	22	영국	139	LCP_COUNTRY	3	4628
영국	OGG_SPORTS	2	2	2	0	영국	139	OGG_SPORTS	3	1017
영국	OGG_POLITICS	2	1	1	0	영국	139	OGG_POLITICS	3	4964
MBC	OGG_MEDIA	3	137	109	28	MBC	137	OGG_MEDIA	1	1276
앞	TM_DIRECTION	1	137	106	31	앞	137	TM_DIRECTION	1	651
30분	TI_MINUTE	3	113	82	31	30분	136	TI_MINUTE	2	434
30분	TI_DURATION	3	23	22	1	30분	136	TI_DURATION	2	2402
눈	AM_PART	1	133	103	30	눈	133	AM_PART	1	1021
5일	DT_DAY	2	126	98	28	5일	131	DT_DAY	2	5422
5일	DT_DURATION	2	5	4	1	5일	131	DT_DURATION	2	1911
트위터	TMI_SERVICE	3	121	105	16	트위터	131	TMI_SERVICE	2	716
트위터	OGG_ECONOMY	3	10	7	3	트위터	131	OGG_ECONOMY	2	2003
딸	CV_RELATION	1	129	95	34	딸	129	CV_RELATION	1	1813
페이스북	TMI_SERVICE	4	90	75	15	페이스북	127	TMI_SERVICE	2	716
페이스북	OGG_ECONOMY	4	37	36	1	페이스북	127	OGG_ECONOMY	2	2003
세월호	AF_TRANSPORT	3	121	109	12	세월호	126	AF_TRANSPORT	2	1217
세월호	EV_OTHERS	3	5	5	0	세월호	126	EV_OTHERS	2	981
2	QT_ORDER	1	101	92	9	2	121	QT_ORDER	4	2695
2	QT_OTHERS	1	14	11	3	2	121	QT_OTHERS	4	1917
2	QT_COUNT	1	4	4	0	2	121	QT_COUNT	4	3399
2	TMI_MODEL	1	2	2	0	2	121	TMI_MODEL	4	72
징역	CV_LAW	2	121	93	28	징역	121	CV_LAW	1	1162
10일	DT_DAY	3	117	99	18	10일	119	DT_DAY	2	5422
10일	DT_DURATION	3	2	1	1	10일	119	DT_DURATION	2	1911
2명	QT_MAN_COUNT	2	117	100	17	2명	117	QT_MAN_COUNT	1	2254
1	QT_ORDER	1	81	72	9	1	115	QT_ORDER	7	2695
1	QT_OTHERS	1	25	22	3	1	115	QT_OTHERS	7	1917
1	DT_MONTH	1	3	3	0	1	115	DT_MONTH	7	1474
1	QT_SPORTS	1	2	2	0	1	115	QT_SPORTS	7	376
1	QT_COUNT	1	2	0	2	1	115	QT_COUNT	7	3399
1	QT_AGE	1	1	1	0	1	115	QT_AGE	7	1336
1	DT_DAY	1	1	1	0	1	115	DT_DAY	7	5422
박근혜	PS_NAME	3	115	98	17	박근혜	115	PS_NAME	1	21537
1일	DT_DAY	2	111	88	23	1일	114	DT_DAY	2	5422
1일	DT_DURATION	2	3	2	1	1일	114	DT_DURATION	2	1911
둘	QT_MAN_COUNT	1	79	70	9	둘	114	QT_MAN_COUNT	4	2254
둘	QT_COUNT	1	33	25	8	둘	114	QT_COUNT	4	3399
둘	QT_OTHERS	1	1	0	1	둘	114	QT_OTHERS	4	1917
둘	QT_ORDER	1	1	1	0	둘	114	QT_ORDER	4	2695
23일	DT_DAY	3	113	91	22	23일	113	DT_DAY	1	5422
26일	DT_DAY	3	113	89	24	26일	113	DT_DAY	1	5422
8일	DT_DAY	2	113	95	18	8일	113	DT_DAY	1	5422
대한민국	LCP_COUNTRY	4	102	88	14	대한민국	113	LCP_COUNTRY	3	4628
대한민국	OGG_POLITICS	4	8	6	2	대한민국	113	OGG_POLITICS	3	4964
대한민국	OGG_SPORTS	4	3	2	1	대한민국	113	OGG_SPORTS	3	1017
3명	QT_MAN_COUNT	2	112	93	19	3명	112	QT_MAN_COUNT	1	2254
청와대	OGG_POLITICS	3	93	84	9	청와대	112	OGG_POLITICS	2	4964
청와대	AF_BUILDING	3	19	16	3	청와대	112	AF_BUILDING	2	655
19일	DT_DAY	3	110	71	39	19일	111	DT_DAY	2	5422
19일	DT_DURATION	3	1	1	0	19일	111	DT_DURATION	2	1911
24일	DT_DAY	3	110	84	26	24일	110	DT_DAY	1	5422
2편	QT_ORDER	2	108	96	12	2편	110	QT_ORDER	2	2695
2편	QT_COUNT	2	2	1	1	2편	110	QT_COUNT	2	3399
경기도	LCP_PROVINCE	3	105	82	23	경기도	110	LCP_PROVINCE	2	1100
경기도	OGG_POLITICS	3	5	4	1	경기도	110	OGG_POLITICS	2	4964
민주당	OGG_POLITICS	3	110	88	22	민주당	110	OGG_POLITICS	1	4964
13일	DT_DAY	3	109	84	25	13일	109	DT_DAY	1	5422
3일	DT_DAY	2	104	78	26	3일	109	DT_DAY	2	5422
3일	DT_DURATION	2	5	4	1	3일	109	DT_DURATION	2	1911
전날	DT_DAY	2	109	82	27	전날	109	DT_DAY	1	5422
12일	DT_DAY	3	108	89	19	12일	108	DT_DAY	1	5422
2011년	DT_YEAR	5	108	82	26	2011년	108	DT_YEAR	1	2426
서울시	LCP_CAPITALCITY	3	59	52	7	서울시	108	LCP_CAPITALCITY	2	1162
서울시	OGG_POLITICS	3	49	44	5	서울시	108	OGG_POLITICS	2	4964
한번	QT_COUNT	2	108	94	14	한번	108	QT_COUNT	1	3399
1위	QT_ORDER	2	107	86	21	1위	107	QT_ORDER	1	2695
4일	DT_DAY	2	100	76	24	4일	107	DT_DAY	2	5422
4일	DT_DURATION	2	7	3	4	4일	107	DT_DURATION	2	1911
손	AM_PART	1	92	77	15	손	107	AM_PART	2	1021
손	PS_NAME	1	15	14	1	손	107	PS_NAME	2	21537
15일	DT_DAY	3	104	82	22	15일	106	DT_DAY	2	5422
15일	DT_DURATION	3	2	2	0	15일	106	DT_DURATION	2	1911
16일	DT_DAY	3	106	89	17	16일	106	DT_DAY	1	5422
교수	CV_OCCUPATION	2	106	82	24	교수	106	CV_OCCUPATION	1	4368
10월	DT_MONTH	3	103	91	12	10월	105	DT_MONTH	2	1474
10월	DT_DURATION	3	2	2	0	10월	105	DT_DURATION	2	1911
11일	DT_DAY	3	105	85	20	11일	105	DT_DAY	1	5422
7일	DT_DAY	2	104	81	23	7일	105	DT_DAY	2	5422
7일	DT_DURATION	2	1	1	0	7일	105	DT_DURATION	2	1911
윤	PS_NAME	1	105	86	19	윤	105	PS_NAME	1	21537
한국영화	CV_ART	4	105	86	19	한국영화	105	CV_ART	1	7666
얼굴	AM_PART	2	104	78	26	얼굴	104	AM_PART	1	1021
인천	LCP_CITY	2	104	80	24	인천	104	LCP_CITY	1	1768
9일	DT_DAY	2	102	81	21	9일	103	DT_DAY	2	5422
9일	DT_DURATION	2	1	1	0	9일	103	DT_DURATION	2	1911
5월	DT_MONTH	2	102	76	26	5월	102	DT_MONTH	1	1474
밤	TI_DURATION	1	102	83	19	밤	102	TI_DURATION	1	2402
정	PS_NAME	1	101	86	15	정	102	PS_NAME	2	21537
정	OGG_POLITICS	1	1	1	0	정	102	OGG_POLITICS	2	4964
20일	DT_DAY	3	101	78	23	20일	101	DT_DAY	1	5422
21일	DT_DAY	3	101	84	17	21일	101	DT_DAY	1	5422
25일	DT_DAY	3	101	83	18	25일	101	DT_DAY	1	5422
최	PS_NAME	1	101	83	18	최	101	PS_NAME	1	21537
29일	DT_DAY	3	100	87	13	29일	100	DT_DAY	1	5422
14일	DT_DAY	3	98	78	20	14일	98	DT_DAY	1	5422
이날 오후	TI_DURATION	5	98	98	0	이날 오후	98	TI_DURATION	1	2402
장관	CV_POSITION	2	98	80	18	장관	98	CV_POSITION	1	4600
성룡	PS_NAME	2	97	85	12	성룡	97	PS_NAME	1	21537
가슴	AM_PART	2	96	78	18	가슴	96	AM_PART	1	1021
1월	DT_MONTH	2	95	81	14	1월	95	DT_MONTH	1	1474
2013년	DT_YEAR	5	95	71	24	2013년	95	DT_YEAR	1	2426
박 대통령	PS_NAME	5	95	88	7	박 대통령	95	PS_NAME	1	21537
조	PS_NAME	1	93	81	12	조	95	PS_NAME	2	21537
조	PS_CHARACTER	1	2	0	2	조	95	PS_CHARACTER	2	1027
18일	DT_DAY	3	94	66	28	18일	94	DT_DAY	1	5422
1명	QT_MAN_COUNT	2	94	73	21	1명	94	QT_MAN_COUNT	1	2254
22일	DT_DAY	3	93	77	16	22일	94	DT_DAY	2	5422
22일	DT_DURATION	3	1	1	0	22일	94	DT_DURATION	2	1911
기자	CV_OCCUPATION	2	94	71	23	기자	94	CV_OCCUPATION	1	4368
브라질	LCP_COUNTRY	3	79	67	12	브라질	94	LCP_COUNTRY	2	4628
브라질	OGG_SPORTS	3	15	9	6	브라질	94	OGG_SPORTS	2	1017
애플	OGG_ECONOMY	2	94	80	14	애플	94	OGG_ECONOMY	1	2003
작가	CV_OCCUPATION	2	93	74	19	작가	93	CV_OCCUPATION	1	4368
하루	DT_DURATION	2	93	71	22	하루	93	DT_DURATION	1	1911
27일	DT_DAY	3	91	72	19	27일	91	DT_DAY	1	5422
광주	LCP_CITY	2	89	69	20	광주	90	LCP_CITY	2	1768
광주	OGG_SPORTS	2	1	1	0	광주	90	OGG_SPORTS	2	1017
두 사람	QT_MAN_COUNT	4	90	82	8	두 사람	90	QT_MAN_COUNT	1	2254
28일	DT_DAY	3	89	68	21	28일	89	DT_DAY	1	5422
3월	DT_MONTH	2	89	69	20	3월	89	DT_MONTH	1	1474
우리나라	LCP_COUNTRY	4	89	72	17	우리나라	89	LCP_COUNTRY	1	4628
12월	DT_MONTH	3	86	61	25	12월	88	DT_MONTH	3	1474
12월	DT_OTHERS	3	1	1	0	12월	88	DT_OTHERS	3	1709
12월	DT_DURATION	3	1	1	0	12월	88	DT_DURATION	3	1911
박근혜 대통령	PS_NAME	7	88	74	14	박근혜 대통령	88	PS_NAME	1	21537
이날 오전	TI_DURATION	5	87	87	0	이날 오전	87	TI_DURATION	1	2402
2012년	DT_YEAR	5	86	67	19	2012년	86	DT_YEAR	1	2426
4월	DT_MONTH	2	85	63	22	4월	86	DT_MONTH	2	1474
4월	DT_DURATION	2	1	0	1	4월	86	DT_DURATION	2	1911
아버지	CV_RELATION	3	86	73	13	아버지	86	CV_RELATION	1	1813
30일	DT_DAY	3	83	70	13	30일	85	DT_DAY	2	5422
30일	DT_DURATION	3	2	2	0	30일	85	DT_DURATION	2	1911
2010년	DT_YEAR	5	84	58	26	2010년	84	DT_YEAR	1	2426
6일	DT_DAY	2	84	67	17	6일	84	DT_DAY	1	5422
경기	LCP_PROVINCE	2	82	67	15	경기	84	LCP_PROVINCE	2	1100
경기	EV_SPORTS	2	2	2	0	경기	84	EV_SPORTS	2	860
새벽	TI_DURATION	2	84	74	10	새벽	84	TI_DURATION	1	2402
홍콩	LCP_PROVINCE	2	83	68	15	홍콩	84	LCP_PROVINCE	2	1100
홍콩	OGG_SPORTS	2	1	0	1	홍콩	84	OGG_SPORTS	2	1017
KBS	OGG_MEDIA	3	83	72	11	KBS	83	OGG_MEDIA	1	1276
국정원	OGG_POLITICS	3	83	76	7	국정원	83	OGG_POLITICS	1	4964
대구	LCP_CITY	2	80	64	16	대구	83	LCP_CITY	3	1768
대구	PS_CHARACTER	2	2	2	0	대구	83	PS_CHARACTER	3	1027
대구	AM_FISH	2	1	1	0	대구	83	AM_FISH	3	11
독일	LCP_COUNTRY	2	72	60	12	독일	83	LCP_COUNTRY	3	4628
독일	OGG_SPORTS	2	9	7	2	독일	83	OGG_SPORTS	3	1017
독일	OGG_POLITICS	2	2	1	1	독일	83	OGG_POLITICS	3	4964
7월	DT_MONTH	2	81	65	16	7월	81	DT_MONTH	1	1474
스마트폰	TMI_HW	4	80	67	13	스마트폰	80	TMI_HW	1	854
2014년	DT_YEAR	5	79	61	18	2014년	79	DT_YEAR	1	2426
9월	DT_MONTH	2	78	60	18	9월	79	DT_MONTH	2	1474
9월	DT_OTHERS	2	1	1	0	9월	79	DT_OTHERS	2	1709
법원	OGG_LAW	2	79	68	11	법원	79	OGG_LAW	1	501
한 번	QT_COUNT	3	78	57	21	한 번	78	QT_COUNT	1	3399
8월	DT_MONTH	2	73	60	13	8월	77	DT_MONTH	2	1474
8월	DT_DURATION	2	4	2	2	8월	77	DT_DURATION	2	1911
인터뷰	AFA_VIDEO	3	77	77	0	인터뷰	77	AFA_VIDEO	1	2799
신	PS_NAME	1	76	60	16	신	76	PS_NAME	1	21537
10년	DT_DURATION	3	75	63	12	10년	75	DT_DURATION	1	1911
머리	AM_PART	2	74	58	16	머리	75	AM_PART	2	1021
머리	PS_NAME	2	1	1	0	머리	75	PS_NAME	2	21537
애니	CV_ART	2	75	65	10	애니	75	CV_ART	1	7666
4명	QT_MAN_COUNT	2	74	63	11	4명	74	QT_MAN_COUNT	1	2254
남편	CV_RELATION	2	74	61	13	남편	74	CV_RELATION	1	1813
부부	CV_RELATION	2	74	63	11	부부	74	CV_RELATION	1	1813
31일	DT_DAY	3	73	62	11	31일	73	DT_DAY	1	5422
유	PS_NAME	1	73	66	7	유	73	PS_NAME	1	21537
10시	TI_HOUR	3	72	55	17	10시	72	TI_HOUR	1	915
11월	DT_MONTH	3	72	53	19	11월	72	DT_MONTH	1	1474
아내	CV_RELATION	2	72	58	14	아내	72	CV_RELATION	1	1813
2일	DT_DAY	2	70	57	13	2일	71	DT_DAY	2	5422
2일	DT_DURATION	2	1	1	0	2일	71	DT_DURATION	2	1911
한	PS_NAME	1	22	15	7	한	71	PS_NAME	5	21537
한	OGG_POLITICS	1	22	20	2	한	71	OGG_POLITICS	5	4964
한	LCP_COUNTRY	1	19	15	4	한	71	LCP_COUNTRY	5	4628
한	QT_COUNT	1	5	3	2	한	71	QT_COUNT	5	3399
한	QT_MAN_COUNT	1	3	0	3	한	71	QT_MAN_COUNT	5	2254
2월	DT_MONTH	2	70	56	14	2월	70	DT_MONTH	1	1474
2점	QT_OTHERS	2	60	51	9	2점	70	QT_OTHERS	4	1917
2점	QT_SPORTS	2	6	4	2	2점	70	QT_SPORTS	4	376
2점	QT_COUNT	2	3	1	2	2점	70	QT_COUNT	4	3399
2점	QT_ORDER	2	1	1	0	2점	70	QT_ORDER	4	2695
엄마	CV_RELATION	2	70	55	15	엄마	70	CV_RELATION	1	1813
강	PS_NAME	1	68	63	5	강	69	PS_NAME	2	21537
강	PS_CHARACTER	1	1	1	0	강	69	PS_CHARACTER	2	1027
네이버	TMI_SERVICE	3	63	53	10	네이버	69	TMI_SERVICE	2	716
네이버	OGG_ECONOMY	3	6	6	0	네이버	69	OGG_ECONOMY	2	2003
삼성전자	OGG_ECONOMY	4	69	60	9	삼성전자	69	OGG_ECONOMY	1	2003
안	PS_NAME	1	69	57	12	안	69	PS_NAME	1	21537
차	AF_TRANSPORT	1	62	49	13	차	69	AF_TRANSPORT	3	1217
차	PS_NAME	1	6	5	1	차	69	PS_NAME	3	21537
차	CV_DRINK	1	1	1	0	차	69	CV_DRINK	3	175
총리	CV_POSITION	2	69	50	19	총리	69	CV_POSITION	1	4600
SBS	OGG_MEDIA	3	68	55	13	SBS	68	OGG_MEDIA	1	1276
아침	TI_DURATION	2	68	62	6	아침	68	TI_DURATION	1	2402
포스터	CV_ART	3	67	55	12	포스터	68	CV_ART	2	7666
포스터	PS_NAME	3	1	1	0	포스터	68	PS_NAME	2	21537
9시	TI_HOUR	2	66	49	17	9시	66	TI_HOUR	1	915
애니메이션	CV_ART	5	66	51	15	애니메이션	66	CV_ART	1	7666
0점	QT_OTHERS	2	63	56	7	0점	65	QT_OTHERS	3	1917
0점	QT_SPORTS	2	1	1	0	0점	65	QT_SPORTS	3	376
0점	QT_COUNT	2	1	1	0	0점	65	QT_COUNT	3	3399
사장	CV_POSITION	2	65	50	15	사장	65	CV_POSITION	1	4600
6월	DT_MONTH	2	59	44	15	6월	64	DT_MONTH	2	1474
6월	DT_DURATION	2	5	2	3	6월	64	DT_DURATION	2	1911
낮	TI_DURATION	1	64	62	2	낮	64	TI_DURATION	1	2402
대선	EV_OTHERS	2	64	56	8	대선	64	EV_OTHERS	1	981
어머니	CV_RELATION	3	64	55	9	어머니	64	CV_RELATION	1	1813
유럽	LCG_CONTINENT	2	64	53	11	유럽	64	LCG_CONTINENT	1	222
작년	DT_YEAR	2	64	48	16	작년	64	DT_YEAR	1	2426
8시	TI_HOUR	2	63	48	15	8시	63	TI_HOUR	1	915
시나리오	CV_ART	4	63	48	15	시나리오	63	CV_ART	1	7666
3	QT_ORDER	1	36	30	6	3	62	QT_ORDER	9	2695
3	QT_OTHERS	1	12	11	1	3	62	QT_OTHERS	9	1917
3	QT_AGE	1	5	4	1	3	62	QT_AGE	9	1336
3	QT_SPORTS	1	2	2	0	3	62	QT_SPORTS	9	376
3	QT_MAN_COUNT	1	2	2	0	3	62	QT_MAN_COUNT	9	2254
3	QT_COUNT	1	2	2	0	3	62	QT_COUNT	9	3399
3	TMI_MODEL	1	1	1	0	3	62	TMI_MODEL	9	72
3	TI_HOUR	1	1	1	0	3	62	TI_HOUR	9	915
3	DT_DAY	1	1	0	1	3	62	DT_DAY	9	5422
2014	DT_YEAR	4	62	54	8	2014	62	DT_YEAR	1	2426
9점	QT_OTHERS	2	62	51	11	9점	62	QT_OTHERS	1	1917
뉴욕	LCP_CITY	2	62	53	9	뉴욕	62	LCP_CITY	1	1768
삼성	OGG_ECONOMY	2	51	43	8	삼성	62	OGG_ECONOMY	2	2003
삼성	OGG_SPORTS	2	11	6	5	삼성	62	OGG_SPORTS	2	1017
2009년	DT_YEAR	5	61	47	14	2009년	61	DT_YEAR	1	2426
3점	QT_OTHERS	2	57	52	5	3점	61	QT_OTHERS	3	1917
3점	QT_SPORTS	2	3	2	1	3점	61	QT_SPORTS	3	376
3점	QT_ORDER	2	1	1	0	3점	61	QT_ORDER	3	2695
아시아	LCG_CONTINENT	3	61	51	10	아시아	61	LCG_CONTINENT	1	222
위원장	CV_POSITION	3	61	46	15	위원장	61	CV_POSITION	1	4600
3편	QT_ORDER	2	55	49	6	3편	60	QT_ORDER	2	2695
3편	QT_COUNT	2	5	4	1	3편	60	QT_COUNT	2	3399
미	LCP_COUNTRY	1	44	37	7	미	60	LCP_COUNTRY	2	4628
미	OGG_POLITICS	1	16	14	2	미	60	OGG_POLITICS	2	4964
부모	CV_RELATION	2	60	49	11	부모	60	CV_RELATION	1	1813
위	TM_DIRECTION	1	57	49	8	위	60	TM_DIRECTION	3	651
위	TM_CELL_TISSUE_ORGAN	1	2	2	0	위	60	TM_CELL_TISSUE_ORGAN	3	131
위	PS_NAME	1	1	1	0	위	60	PS_NAME	3	21537
2시간	TI_DURATION	3	58	52	6	2시간	59	TI_DURATION	2	2402
2시간	TI_HOUR	3	1	1	0	2시간	59	TI_HOUR	2	915
버스	AF_TRANSPORT	2	59	45	14	버스	59	AF_TRANSPORT	1	1217
호주	LCP_COUNTRY	2	55	47	8	호주	59	LCP_COUNTRY	2	4628
호주	OGG_SPORTS	2	4	4	0	호주	59	OGG_SPORTS	2	1017
1시	TI_HOUR	2	58	40	18	1시	58	TI_HOUR	1	915
총	AF_WEAPON	1	23	22	1	총	58	AF_WEAPON	5	307
총	QT_PRICE	1	20	16	4	총	58	QT_PRICE	5	999
총	QT_COUNT	1	11	8	3	총	58	QT_COUNT	5	3399
총	QT_MAN_COUNT	1	3	3	0	총	58	QT_MAN_COUNT	5	2254
총	QT_OTHERS	1	1	1	0	총	58	QT_OTHERS	5	1917
교사	CV_OCCUPATION	2	57	47	10	교사	57	CV_OCCUPATION	1	4368
대변인	CV_POSITION	3	57	46	11	대변인	57	CV_POSITION	1	4600
2시	TI_HOUR	2	56	48	8	2시	56	TI_HOUR	1	915
개그맨	CV_OCCUPATION	3	56	38	18	개그맨	56	CV_OCCUPATION	1	4368
유튜브	TMI_SERVICE	3	54	48	6	유튜브	56	TMI_SERVICE	2	716
유튜브	OGG_MEDIA	3	2	1	1	유튜브	56	OGG_MEDIA	2	1276
이모	PS_NAME	2	52	43	9	이모	56	PS_NAME	2	21537
이모	CV_RELATION	2	4	4	0	이모	56	CV_RELATION	2	1813
자동차	AF_TRANSPORT	3	56	47	9	자동차	56	AF_TRANSPORT	1	1217
2015년	DT_YEAR	5	55	46	9	2015년	55	DT_YEAR	1	2426
20분	TI_MINUTE	3	36	27	9	20분	55	TI_MINUTE	2	434
20분	TI_DURATION	3	19	13	6	20분	55	TI_DURATION	2	2402
경북	LCP_PROVINCE	2	55	41	14	경북	55	LCP_PROVINCE	1	1100
공포영화	CV_ART	4	55	46	9	공포영화	55	CV_ART	1	7666
전	PS_NAME	1	54	44	10	전	55	PS_NAME	2	21537
전	EV_WAR_REVOLUTION	1	1	1	0	전	55	EV_WAR_REVOLUTION	2	61
제주도	LCP_PROVINCE	3	54	44	10	제주도	55	LCP_PROVINCE	2	1100
제주도	OGG_POLITICS	3	1	1	0	제주도	55	OGG_POLITICS	2	4964
6시	TI_HOUR	2	54	41	13	6시	54	TI_HOUR	1	915
부인	CV_RELATION	2	54	37	17	부인	54	CV_RELATION	1	1813
인스타그램	TMI_SERVICE	5	54	51	3	인스타그램	54	TMI_SERVICE	1	716
이연걸	PS_NAME	3	54	45	9	이연걸	54	PS_NAME	1	21537
IS	OGG_MILITARY	2	53	38	15	IS	53	OGG_MILITARY	1	484
메르스	TMM_DISEASE	3	53	47	6	메르스	53	TMM_DISEASE	1	361
방송인	CV_OCCUPATION	3	53	46	7	방송인	53	CV_OCCUPATION	1	4368
카메라	TMI_HW	3	53	46	7	카메라	53	TMI_HW	1	854
한국인	CV_TRIBE	3	53	49	4	한국인	53	CV_TRIBE	1	271
5시	TI_HOUR	2	52	41	11	5시	52	TI_HOUR	1	915
내년	DT_YEAR	2	50	43	7	내년	52	DT_YEAR	3	2426
내년	DT_OTHERS	2	1	1	0	내년	52	DT_OTHERS	3	1709
내년	DT_DURATION	2	1	1	0	내년	52	DT_DURATION	3	1911
성폭행	CV_LAW	3	52	46	6	성폭행	52	CV_LAW	1	1162
하나하나	QT_COUNT	4	52	48	4	하나하나	52	QT_COUNT	1	3399
10분	TI_MINUTE	3	28	24	4	10분	51	TI_MINUTE	2	434
10분	TI_DURATION	3	23	18	5	10분	51	TI_DURATION	2	2402
5명	QT_MAN_COUNT	2	51	39	12	5명	51	QT_MAN_COUNT	1	2254
80년대	DT_YEAR	4	51	44	7	80년대	51	DT_YEAR	1	2426
군	OGG_MILITARY	1	45	39	6	군	51	OGG_MILITARY	3	484
군	OGG_POLITICS	1	5	5	0	군	51	OGG_POLITICS	3	4964
군	OGG_LAW	1	1	1	0	군	51	OGG_LAW	3	501
크리스마스	DT_DAY	5	51	44	7	크리스마스	51	DT_DAY	1	5422
20대	QT_AGE	3	44	36	8	20대	50	QT_AGE	3	1336
20대	QT_ORDER	3	4	4	0	20대	50	QT_ORDER	3	2695
20대	QT_COUNT	3	2	1	1	20대	50	QT_COUNT	3	3399
공무원	CV_OCCUPATION	3	50	40	10	공무원	50	CV_OCCUPATION	1	4368
만점	QT_OTHERS	2	50	45	5	만점	50	QT_OTHERS	1	1917
목	AM_PART	1	50	39	11	목	50	AM_PART	1	1021
지하철	AF_TRANSPORT	3	50	39	11	지하철	50	AF_TRANSPORT	1	1217
3개	QT_COUNT	2	49	42	7	3개	49	QT_COUNT	1	3399
류현진	PS_NAME	3	49	35	14	류현진	49	PS_NAME	1	21537
변호사	CV_OCCUPATION	3	49	42	7	변호사	49	CV_OCCUPATION	1	4368
열차	AF_TRANSPORT	2	49	44	5	열차	49	AF_TRANSPORT	1	1217
일본영화	CV_ART	4	49	44	5	일본영화	49	CV_ART	1	7666
코미디	CV_ART	3	49	34	15	코미디	49	CV_ART	1	7666
택시	AF_TRANSPORT	2	47	38	9	택시	49	AF_TRANSPORT	2	1217
택시	AFA_VIDEO	2	2	2	0	택시	49	AFA_VIDEO	2	2799
후반	TI_DURATION	2	48	40	8	후반	49	TI_DURATION	2	2402
후반	EV_SPORTS	2	1	1	0	후반	49	EV_SPORTS	2	860
2008년	DT_YEAR	5	48	37	11	2008년	48	DT_YEAR	1	2426
2년	DT_DURATION	2	41	31	10	2년	48	DT_DURATION	2	1911
2년	DT_YEAR	2	7	6	1	2년	48	DT_YEAR	2	2426
7시	TI_HOUR	2	48	38	10	7시	48	TI_HOUR	1	915
교황	CV_OCCUPATION	2	48	40	8	교황	48	CV_OCCUPATION	1	4368
기상청	OGG_POLITICS	3	48	40	8	기상청	48	OGG_POLITICS	1	4964
몸	AM_PART	1	48	36	12	몸	48	AM_PART	1	1021
문	PS_NAME	1	48	41	7	문	48	PS_NAME	1	21537
배	AF_TRANSPORT	1	17	13	4	배	48	AF_TRANSPORT	4	1217
배	PS_NAME	1	16	11	5	배	48	PS_NAME	4	21537
배	AM_PART	1	14	10	4	배	48	AM_PART	4	1021
배	CV_PRIZE	1	1	1	0	배	48	CV_PRIZE	4	188
4점	QT_OTHERS	2	45	36	9	4점	47	QT_OTHERS	2	1917
4점	QT_SPORTS	2	2	1	1	4점	47	QT_SPORTS	2	376
인도	LCP_COUNTRY	2	46	41	5	인도	47	LCP_COUNTRY	2	4628
인도	OGG_SPORTS	2	1	0	1	인도	47	OGG_SPORTS	2	1017
전남	LCP_PROVINCE	2	46	34	12	전남	47	LCP_PROVINCE	2	1100
전남	OGG_SPORTS	2	1	0	1	전남	47	OGG_SPORTS	2	1017
11시	TI_HOUR	3	46	35	11	11시	46	TI_HOUR	1	915
2007년	DT_YEAR	5	46	34	12	2007년	46	DT_YEAR	1	2426
90년대	DT_YEAR	4	46	39	7	90년대	46	DT_YEAR	1	2426
벌금	CV_LAW	2	46	39	7	벌금	46	CV_LAW	1	1162
영화관	AF_BUILDING	3	46	46	0	영화관	46	AF_BUILDING	1	655
홍	PS_NAME	1	45	39	6	홍	46	PS_NAME	2	21537
홍	PS_CHARACTER	1	1	1	0	홍	46	PS_CHARACTER	2	1027
8점	QT_OTHERS	2	43	37	6	8점	45	QT_OTHERS	3	1917
8점	QT_SPORTS	2	1	0	1	8점	45	QT_SPORTS	3	376
8점	QT_COUNT	2	1	1	0	8점	45	QT_COUNT	3	3399
TV	TMI_HW	2	45	36	9	TV	45	TMI_HW	1	854
강원도	LCP_PROVINCE	3	45	32	13	강원도	45	LCP_PROVINCE	1	1100
두 번	QT_COUNT	3	45	38	7	두 번	45	QT_COUNT	1	3399
스페인	LCP_COUNTRY	3	38	34	4	스페인	45	LCP_COUNTRY	2	4628
스페인	OGG_SPORTS	3	7	7	0	스페인	45	OGG_SPORTS	2	1017
오바마	PS_NAME	3	45	36	9	오바마	45	PS_NAME	1	21537
3시	TI_HOUR	2	43	38	5	3시	44	TI_HOUR	2	915
3시	TI_MINUTE	2	1	1	0	3시	44	TI_MINUTE	2	434
김연아	PS_NAME	3	44	38	6	김연아	44	PS_NAME	1	21537
디즈니	OGG_ECONOMY	3	44	38	6	디즈니	44	OGG_ECONOMY	1	2003
모델	CV_OCCUPATION	2	44	38	6	모델	44	CV_OCCUPATION	1	4368
술	CV_DRINK	1	44	35	9	술	44	CV_DRINK	1	175
장	PS_NAME	1	44	39	5	장	44	PS_NAME	1	21537
재판부	OGG_LAW	3	44	38	6	재판부	44	OGG_LAW	1	501
한마디	QT_COUNT	3	44	34	10	한마디	44	QT_COUNT	1	3399
할머니	CV_RELATION	3	44	33	11	할머니	44	CV_RELATION	1	1813
휴대전화	TMI_HW	4	44	34	10	휴대전화	44	TMI_HW	1	854
개성공단	LC_OTHERS	4	43	36	7	개성공단	43	LC_OTHERS	1	1375
김정은	PS_NAME	3	43	37	6	김정은	43	PS_NAME	1	21537
대법원	OGG_LAW	3	43	36	7	대법원	43	OGG_LAW	1	501
동생	CV_RELATION	2	43	35	8	동생	43	CV_RELATION	1	1813
이탈리아	LCP_COUNTRY	4	35	28	7	이탈리아	43	LCP_COUNTRY	2	4628
이탈리아	OGG_SPORTS	4	8	6	2	이탈리아	43	OGG_SPORTS	2	1017
축구	CV_SPORTS	2	43	37	6	축구	43	CV_SPORTS	1	328
7점	QT_OTHERS	2	41	35	6	7점	42	QT_OTHERS	2	1917
7점	QT_SPORTS	2	1	1	0	7점	42	QT_SPORTS	2	376
국방부	OGG_POLITICS	3	42	34	8	국방부	42	OGG_POLITICS	1	4964
남	PS_NAME	1	20	15	5	남	42	PS_NAME	4	21537
남	OGG_POLITICS	1	15	12	3	남	42	OGG_POLITICS	4	4964
남	LCP_COUNTRY	1	6	5	1	남	42	LCP_COUNTRY	4	4628
남	TM_DIRECTION	1	1	1	0	남	42	TM_DIRECTION	4	651
새정치민주연합	OGG_POLITICS	7	42	32	10	새정치민주연합	42	OGG_POLITICS	1	4964
승무원	CV_OCCUPATION	3	42	38	4	승무원	42	CV_OCCUPATION	1	4368
스릴러	CV_ART	3	42	35	7	스릴러	42	CV_ART	1	7666
아래	TM_DIRECTION	2	42	38	4	아래	42	TM_DIRECTION	1	651
이스라엘	LCP_COUNTRY	4	37	31	6	이스라엘	42	LCP_COUNTRY	2	4628
이스라엘	OGG_POLITICS	4	5	5	0	이스라엘	42	OGG_POLITICS	2	4964
해경	OGG_POLITICS	2	42	34	8	해경	42	OGG_POLITICS	1	4964
부장판사	CV_POSITION	4	41	32	9	부장판사	41	CV_POSITION	1	4600
성추행	CV_LAW	3	41	34	7	성추행	41	CV_LAW	1	1162
송	PS_NAME	1	41	33	8	송	41	PS_NAME	1	21537
아나운서	CV_OCCUPATION	4	41	31	10	아나운서	41	CV_OCCUPATION	1	4368
아이폰	AFW_OTHER_PRODUCTS	3	41	37	4	아이폰	41	AFW_OTHER_PRODUCTS	1	376
제작진	CV_OCCUPATION	3	41	35	6	제작진	41	CV_OCCUPATION	1	4368
어제	DT_DAY	2	40	32	8	어제	40	DT_DAY	1	5422
연예인	CV_OCCUPATION	3	40	36	4	연예인	40	CV_OCCUPATION	1	4368
외국인	CV_TRIBE	3	40	40	0	외국인	40	CV_TRIBE	1	271
원장	CV_POSITION	2	40	32	8	원장	40	CV_POSITION	1	4600
의사	CV_OCCUPATION	2	40	31	9	의사	40	CV_OCCUPATION	1	4368
총장	CV_POSITION	2	40	32	8	총장	40	CV_POSITION	1	4600
1차	QT_ORDER	2	39	30	9	1차	39	QT_ORDER	1	2695
2위	QT_ORDER	2	39	30	9	2위	39	QT_ORDER	1	2695
6명	QT_MAN_COUNT	2	39	33	6	6명	39	QT_MAN_COUNT	1	2254
뮤직비디오	CV_ART	5	39	33	6	뮤직비디오	39	CV_ART	1	7666
시	OGG_POLITICS	1	28	23	5	시	39	OGG_POLITICS	4	4964
시	PS_NAME	1	5	5	0	시	39	PS_NAME	4	21537
시	CV_ART	1	5	4	1	시	39	CV_ART	4	7666
시	LCP_COUNTY	1	1	0	1	시	39	LCP_COUNTY	4	1341
오른쪽	TM_DIRECTION	3	39	33	6	오른쪽	39	TM_DIRECTION	1	651
이집트	LCP_COUNTRY	3	38	33	5	이집트	39	LCP_COUNTRY	2	4628
이집트	OGG_POLITICS	3	1	1	0	이집트	39	OGG_POLITICS	2	4964
자녀	CV_RELATION	2	39	30	9	자녀	39	CV_RELATION	1	1813
2013	DT_YEAR	4	38	34	4	2013	38	DT_YEAR	1	2426
10대	QT_AGE	3	31	25	6	10대	38	QT_AGE	2	1336
10대	QT_COUNT	3	7	6	1	10대	38	QT_COUNT	2	3399
1심	QT_ORDER	2	38	32	6	1심	38	QT_ORDER	1	2695
3D	TR_SCIENCE	2	38	32	6	3D	38	TR_SCIENCE	1	85
CCTV	TMI_HW	4	34	30	4	CCTV	38	TMI_HW	2	854
CCTV	OGG_MEDIA	4	4	4	0	CCTV	38	OGG_MEDIA	2	1276
검사	CV_OCCUPATION	2	38	32	6	검사	38	CV_OCCUPATION	1	4368
경찰관	CV_OCCUPATION	3	38	35	3	경찰관	38	CV_OCCUPATION	1	4368
금메달	CV_PRIZE	3	38	32	6	금메달	38	CV_PRIZE	1	188
대한항공	OGG_ECONOMY	4	37	31	6	대한항공	38	OGG_ECONOMY	2	2003
대한항공	OGG_SPORTS	4	1	1	0	대한항공	38	OGG_SPORTS	2	1017
북	OGG_POLITICS	1	24	18	6	북	38	OGG_POLITICS	4	4964
북	LCP_COUNTRY	1	10	7	3	북	38	LCP_COUNTRY	4	4628
북	TM_DIRECTION	1	3	3	0	북	38	TM_DIRECTION	4	651
북	AF_MUSICAL_INSTRUMENT	1	1	1	0	북	38	AF_MUSICAL_INSTRUMENT	4	42
비디오	TMI_HW	3	38	38	0	비디오	38	TMI_HW	1	854
시리아	LCP_COUNTRY	3	37	31	6	시리아	38	LCP_COUNTRY	2	4628
시리아	OGG_POLITICS	3	1	0	1	시리아	38	OGG_POLITICS	2	4964
태국	LCP_COUNTRY	2	38	32	6	태국	38	LCP_COUNTRY	1	4628
항공기	AF_TRANSPORT	3	38	27	11	항공기	38	AF_TRANSPORT	1	1217
4	QT_ORDER	1	20	19	1	4	37	QT_ORDER	5	2695
4	QT_OTHERS	1	10	7	3	4	37	QT_OTHERS	5	1917
4	QT_AGE	1	3	3	0	4	37	QT_AGE	5	1336
4	TI_HOUR	1	2	2	0	4	37	TI_HOUR	5	915
4	QT_SPORTS	1	2	0	2	4	37	QT_SPORTS	5	376
2개	QT_COUNT	2	37	28	9	2개	37	QT_COUNT	1	3399
두 배	QT_PERCENTAGE	3	37	37	0	두 배	37	QT_PERCENTAGE	1	757
아빠	CV_RELATION	2	37	32	5	아빠	37	CV_RELATION	1	1813
저녁	TI_DURATION	2	37	31	6	저녁	37	TI_DURATION	1	2402
집행유예	CV_LAW	4	37	28	9	집행유예	37	CV_LAW	1	1162
판사	CV_OCCUPATION	2	37	25	12	판사	37	CV_OCCUPATION	1	4368
허	PS_NAME	1	37	29	8	허	37	PS_NAME	1	21537
1개	QT_COUNT	2	35	22	13	1개	36	QT_COUNT	2	3399
1개	QT_OTHERS	2	1	1	0	1개	36	QT_OTHERS	2	1917
1년	DT_DURATION	2	36	29	7	1년	36	DT_DURATION	1	1911
강남	LCP_COUNTY	2	31	24	7	강남	36	LCP_COUNTY	2	1341
강남	PS_NAME	2	5	5	0	강남	36	PS_NAME	2	21537
구속영장	CV_LAW	4	36	36	0	구속영장	36	CV_LAW	1	1162
무한도전	AFA_VIDEO	4	36	29	7	무한도전	36	AFA_VIDEO	1	2799
북부	TM_DIRECTION	2	36	23	13	북부	36	TM_DIRECTION	1	651
40분	TI_MINUTE	3	27	20	7	40분	35	TI_MINUTE	2	434
40분	TI_DURATION	3	8	8	0	40분	35	TI_DURATION	2	2402
4개	QT_COUNT	2	35	26	9	4개	35	QT_COUNT	1	3399
7명	QT_MAN_COUNT	2	35	30	5	7명	35	QT_MAN_COUNT	1	2254
극장판	CV_ART	3	35	28	7	극장판	35	CV_ART	1	7666
대전	LCP_CITY	2	35	26	9	대전	35	LCP_CITY	1	1768
두번	QT_COUNT	2	35	27	8	두번	35	QT_COUNT	1	3399
목사	CV_OCCUPATION	2	35	31	4	목사	35	CV_OCCUPATION	1	4368
서울대	OGG_EDUCATION	3	35	25	10	서울대	35	OGG_EDUCATION	1	491
세월호 참사	EV_OTHERS	6	35	30	5	세월호 참사	35	EV_OTHERS	1	981
수능	EV_OTHERS	2	35	32	3	수능	35	EV_OTHERS	1	981
용의자	AFA_VIDEO	3	35	35	0	용의자	35	AFA_VIDEO	1	2799
임	PS_NAME	1	34	26	8	임	35	PS_NAME	2	21537
임	EV_OTHERS	1	1	0	1	임	35	EV_OTHERS	2	981
주말	DT_DURATION	2	32	24	8	주말	35	DT_DURATION	3	1911
주말	DT_DAY	2	2	0	2	주말	35	DT_DAY	3	5422
주말	AFA_VIDEO	2	1	1	0	주말	35	AFA_VIDEO	3	2799
22	QT_AGE	2	33	24	9	22	34	QT_AGE	2	1336
22	DT_DAY	2	1	1	0	22	34	DT_DAY	2	5422
35	QT_AGE	2	34	23	11	35	34	QT_AGE	1	1336
남북	OGG_POLITICS	2	31	26	5	남북	34	OGG_POLITICS	2	4964
남북	LCP_COUNTRY	2	3	1	2	남북	34	LCP_COUNTRY	2	4628
네덜란드	LCP_COUNTRY	4	25	22	3	네덜란드	34	LCP_COUNTRY	2	4628
네덜란드	OGG_SPORTS	4	9	8	1	네덜란드	34	OGG_SPORTS	2	1017
발	AM_PART	1	34	21	13	발	34	AM_PART	1	1021
시즌2	QT_ORDER	3	33	31	2	시즌2	34	QT_ORDER	2	2695
시즌2	QT_OTHERS	3	1	1	0	시즌2	34	QT_OTHERS	2	1917
여배우	CV_OCCUPATION	3	34	24	10	여배우	34	CV_OCCUPATION	1	4368
오바마 대통령	PS_NAME	7	34	28	6	오바마 대통령	34	PS_NAME	1	21537
장국영	PS_NAME	3	34	32	2	장국영	34	PS_NAME	1	21537
제주	LCP_PROVINCE	2	34	24	10	제주	34	LCP_PROVINCE	1	1100
할리우드	LCP_PROVINCE	4	34	26	8	할리우드	34	LCP_PROVINCE	1	1100
20년	DT_DURATION	3	33	25	8	20년	33	DT_DURATION	1	1911
2차	QT_ORDER	2	33	27	6	2차	33	QT_ORDER	1	2695
3년	DT_DURATION	2	33	29	4	3년	33	DT_DURATION	1	1911
4시	TI_HOUR	2	33	29	4	4시	33	TI_HOUR	1	915
5개	QT_COUNT	2	33	27	6	5개	33	QT_COUNT	1	3399
5분	TI_DURATION	2	19	17	2	5분	33	TI_DURATION	2	2402
5분	TI_MINUTE	2	14	12	2	5분	33	TI_MINUTE	2	434
두 배우	QT_MAN_COUNT	4	33	30	3	두 배우	33	QT_MAN_COUNT	1	2254
박사	CV_POSITION	2	33	23	10	박사	33	CV_POSITION	1	4600
싸이	PS_NAME	2	33	26	7	싸이	33	PS_NAME	1	21537
여자친구	CV_RELATION	4	31	21	10	여자친구	33	CV_RELATION	2	1813
여자친구	PS_NAME	4	2	1	1	여자친구	33	PS_NAME	2	21537
일병	CV_POSITION	2	33	25	8	일병	33	CV_POSITION	1	4600
전반	TI_DURATION	2	19	10	9	전반	33	TI_DURATION	4	2402
전반	EV_SPORTS	2	12	10	2	전반	33	EV_SPORTS	4	860
전반	TI_OTHERS	2	1	1	0	전반	33	TI_OTHERS	4	691
전반	TI_HOUR	2	1	1	0	전반	33	TI_HOUR	4	915
코레일	OGG_ECONOMY	3	33	29	4	코레일	33	OGG_ECONOMY	1	2003
파리	LCP_CAPITALCITY	2	33	29	4	파리	33	LCP_CAPITALCITY	1	1162
6점	QT_OTHERS	2	30	27	3	6점	32	QT_OTHERS	3	1917
6점	QT_SPORTS	2	1	1	0	6점	32	QT_SPORTS	3	376
6점	QT_COUNT	2	1	1	0	6점	32	QT_COUNT	3	3399
강릉	LCP_CITY	2	32	26	6	강릉	32	LCP_CITY	1	1768
걸그룹	CV_OCCUPATION	3	32	25	7	걸그룹	32	CV_OCCUPATION	1	4368
국회의원	CV_POSITION	4	32	25	7	국회의원	32	CV_POSITION	1	4600
김기덕	PS_NAME	3	32	26	6	김기덕	32	PS_NAME	1	21537
노무현	PS_NAME	3	32	26	6	노무현	32	PS_NAME	1	21537
두 차례	QT_COUNT	4	32	29	3	두 차례	32	QT_COUNT	1	3399
아이돌	CV_OCCUPATION	3	32	32	0	아이돌	32	CV_OCCUPATION	1	4368
영어	CV_LANGUAGE	2	22	17	5	영어	32	CV_LANGUAGE	2	60
영어	FD_HUMANITIES	2	10	8	2	영어	32	FD_HUMANITIES	2	74
중국인	CV_TRIBE	3	32	25	7	중국인	32	CV_TRIBE	1	271
지난 1일	DT_DAY	5	32	21	11	지난 1일	32	DT_DAY	1	5422
한국 영화	CV_ART	5	32	30	2	한국 영화	32	CV_ART	1	7666
25	QT_AGE	2	28	22	6	25	31	QT_AGE	4	1336
25	TI_HOUR	2	1	1	0	25	31	TI_HOUR	4	915
25	QT_MAN_COUNT	2	1	1	0	25	31	QT_MAN_COUNT	4	2254
25	DT_DAY	2	1	1	0	25	31	DT_DAY	4	5422
2015	DT_YEAR	4	31	25	6	2015	31	DT_YEAR	1	2426
15분	TI_MINUTE	3	23	19	4	15분	31	TI_MINUTE	2	434
15분	TI_DURATION	3	8	8	0	15분	31	TI_DURATION	2	2402
2005년	DT_YEAR	5	31	25	6	2005년	31	DT_YEAR	1	2426
경남	LCP_PROVINCE	2	31	21	10	경남	31	LCP_PROVINCE	1	1100
뒤	TM_DIRECTION	1	31	22	9	뒤	31	TM_DIRECTION	1	651
멕시코	LCP_COUNTRY	3	28	22	6	멕시코	31	LCP_COUNTRY	2	4628
멕시코	OGG_SPORTS	3	3	2	1	멕시코	31	OGG_SPORTS	2	1017
북측	OGG_POLITICS	2	24	19	5	북측	31	OGG_POLITICS	2	4964
북측	LCP_COUNTRY	2	7	6	1	북측	31	LCP_COUNTRY	2	4628
부사장	CV_POSITION	3	31	27	4	부사장	31	CV_POSITION	1	4600
불구속 입건	CV_LAW	6	31	31	0	불구속 입건	31	CV_LAW	1	1162
승용차	AF_TRANSPORT	3	31	20	11	승용차	31	AF_TRANSPORT	1	1217
여주인공	CV_POSITION	4	31	27	4	여주인공	31	CV_POSITION	1	4600
연기자	CV_OCCUPATION	3	31	24	7	연기자	31	CV_OCCUPATION	1	4368
캐나다	LCP_COUNTRY	3	28	23	5	캐나다	31	LCP_COUNTRY	2	4628
캐나다	OGG_SPORTS	3	3	3	0	캐나다	31	OGG_SPORTS	2	1017
컴퓨터	TMI_HW	3	31	30	1	컴퓨터	31	TMI_HW	1	854
한반도	LCG_BAY	3	31	29	2	한반도	31	LCG_BAY	1	49
5점	QT_OTHERS	2	25	21	4	5점	30	QT_OTHERS	3	1917
5점	QT_SPORTS	2	3	3	0	5점	30	QT_SPORTS	3	376
5점	QT_COUNT	2	2	1	1	5점	30	QT_COUNT	3	3399
tvN	OGG_MEDIA	3	30	22	8	tvN	30	OGG_MEDIA	1	1276
교육부	OGG_POLITICS	3	30	25	5	교육부	30	OGG_POLITICS	1	4964
두 번째	QT_ORDER	4	30	24	6	두 번째	30	QT_ORDER	1	2695
브라질 월드컵	EV_SPORTS	7	30	24	6	브라질 월드컵	30	EV_SPORTS	1	860
성	PS_NAME	1	30	25	5	성	30	PS_NAME	1	21537
옆	TM_DIRECTION	1	30	26	4	옆	30	TM_DIRECTION	1	651
월드컵	EV_SPORTS	3	30	25	5	월드컵	30	EV_SPORTS	1	860
이병헌	PS_NAME	3	30	24	6	이병헌	30	PS_NAME	1	21537
6	TMI_MODEL	1	19	18	1	6	29	TMI_MODEL	7	72
6	QT_ORDER	1	5	3	2	6	29	QT_ORDER	7	2695
6	TMI_HW	1	1	1	0	6	29	TMI_HW	7	854
6	QT_SPORTS	1	1	1	0	6	29	QT_SPORTS	7	376
6	QT_OTHERS	1	1	1	0	6	29	QT_OTHERS	7	1917
6	QT_COUNT	1	1	1	0	6	29	QT_COUNT	7	3399
6	DT_MONTH	1	1	1	0	6	29	DT_MONTH	7	1474
21	QT_AGE	2	28	26	2	21	29	QT_AGE	2	1336
21	DT_DAY	2	1	1	0	21	29	DT_DAY	2	5422
7점대	QT_OTHERS	3	29	27	2	7점대	29	QT_OTHERS	1	1917
C	PS_NAME	1	29	27	2	C	29	PS_NAME	1	21537
강남구	LCP_COUNTY	3	27	22	5	강남구	29	LCP_COUNTY	2	1341
강남구	OGG_POLITICS	3	2	2	0	강남구	29	OGG_POLITICS	2	4964
견자단	PS_NAME	3	29	26	3	견자단	29	PS_NAME	1	21537
권	PS_NAME	1	29	27	2	권	29	PS_NAME	1	21537
근로자	CV_OCCUPATION	3	29	26	3	근로자	29	CV_OCCUPATION	1	4368
김모	PS_NAME	2	29	28	1	김모	29	PS_NAME	1	21537
독도	LCG_ISLAND	2	29	25	4	독도	29	LCG_ISLAND	1	148
런던	LCP_CAPITALCITY	2	29	27	2	런던	29	LCP_CAPITALCITY	1	1162
로맨스	CV_ART	3	29	29	0	로맨스	29	CV_ART	1	7666
벨기에	LCP_COUNTRY	3	18	16	2	벨기에	29	LCP_COUNTRY	2	4628
벨기에	OGG_SPORTS	3	11	11	0	벨기에	29	OGG_SPORTS	2	1017
시장	CV_POSITION	2	29	23	6	시장	29	CV_POSITION	1	4600
시즌1	QT_ORDER	3	29	27	2	시즌1	29	QT_ORDER	1	2695
안철수	PS_NAME	3	29	24	5	안철수	29	PS_NAME	1	21537
유덕화	PS_NAME	3	29	26	3	유덕화	29	PS_NAME	1	21537
지난 20일	DT_DAY	6	29	25	4	지난 20일	29	DT_DAY	1	5422
헐리우드	LC_OTHERS	4	29	27	2	헐리우드	29	LC_OTHERS	1	1375
3번	QT_COUNT	2	21	18	3	3번	28	QT_COUNT	2	3399
3번	QT_ORDER	2	7	7	0	3번	28	QT_ORDER	2	2695
국가정보원	OGG_POLITICS	5	28	24	4	국가정보원	28	OGG_POLITICS	1	4964
그리스	LCP_COUNTRY	3	26	25	1	그리스	28	LCP_COUNTRY	2	4628
그리스	OGG_SPORTS	3	2	1	1	그리스	28	OGG_SPORTS	2	1017
노	PS_NAME	1	28	28	0	노	28	PS_NAME	1	21537
베이징	LCP_CAPITALCITY	3	28	20	8	베이징	28	LCP_CAPITALCITY	1	1162
변호인	CV_OCCUPATION	3	17	13	4	변호인	28	CV_OCCUPATION	2	4368
변호인	AFA_VIDEO	3	11	8	3	변호인	28	AFA_VIDEO	2	2799
소방당국	OGG_POLITICS	4	28	22	6	소방당국	28	OGG_POLITICS	1	4964
여객기	AF_TRANSPORT	3	28	23	5	여객기	28	AF_TRANSPORT	1	1217
전북	LCP_PROVINCE	2	26	20	6	전북	28	LCP_PROVINCE	2	1100
전북	OGG_SPORTS	2	2	2	0	전북	28	OGG_SPORTS	2	1017
주성치	PS_NAME	3	28	24	4	주성치	28	PS_NAME	1	21537
최민식	PS_NAME	3	28	20	8	최민식	28	PS_NAME	1	21537
커피	CV_DRINK	2	28	23	5	커피	28	CV_DRINK	1	175
하정우	PS_NAME	3	28	21	7	하정우	28	PS_NAME	1	21537
33	QT_AGE	2	27	19	8	33	27	QT_AGE	1	1336
50분	TI_MINUTE	3	24	18	6	50분	27	TI_MINUTE	2	434
50분	TI_DURATION	3	3	3	0	50분	27	TI_DURATION	2	2402
강동원	PS_NAME	3	27	21	6	강동원	27	PS_NAME	1	21537
군인	CV_OCCUPATION	2	27	24	3	군인	27	CV_OCCUPATION	1	4368
김수현	PS_NAME	3	27	26	1	김수현	27	PS_NAME	1	21537
남부	TM_DIRECTION	2	27	21	6	남부	27	TM_DIRECTION	1	651
대만	LCP_COUNTRY	2	26	21	5	대만	27	LCP_COUNTRY	2	4628
대만	OGG_SPORTS	2	1	0	1	대만	27	OGG_SPORTS	2	1017
뮤지컬	CV_ART	3	27	22	5	뮤지컬	27	CV_ART	1	7666
법무부	OGG_POLITICS	3	27	21	6	법무부	27	OGG_POLITICS	1	4964
부회장	CV_POSITION	3	27	24	3	부회장	27	CV_POSITION	1	4600
서울중앙지검	OGG_LAW	6	27	25	2	서울중앙지검	27	OGG_LAW	1	501
선생님	CV_OCCUPATION	3	27	22	5	선생님	27	CV_OCCUPATION	1	4368
손흥민	PS_NAME	3	27	24	3	손흥민	27	PS_NAME	1	21537
여학생	CV_OCCUPATION	3	27	27	0	여학생	27	CV_OCCUPATION	1	4368
올림픽	EV_SPORTS	3	27	21	6	올림픽	27	EV_SPORTS	1	860
유재석	PS_NAME	3	27	24	3	유재석	27	PS_NAME	1	21537
이소룡	PS_NAME	3	27	24	3	이소룡	27	PS_NAME	1	21537
임창정	PS_NAME	3	27	24	3	임창정	27	PS_NAME	1	21537
지난 10일	DT_DAY	6	27	17	10	지난 10일	27	DT_DAY	1	5422
지난 3일	DT_DAY	5	27	19	8	지난 3일	27	DT_DAY	1	5422
필리핀	LCP_COUNTRY	3	27	23	4	필리핀	27	LCP_COUNTRY	1	4628
한 명	QT_MAN_COUNT	3	27	19	8	한 명	27	QT_MAN_COUNT	1	2254
핵	AF_WEAPON	1	27	23	4	핵	27	AF_WEAPON	1	307
31	QT_AGE	2	25	24	1	31	26	QT_AGE	2	1336
31	QT_SPORTS	2	1	1	0	31	26	QT_SPORTS	2	376
12시	TI_HOUR	3	26	23	3	12시	26	TI_HOUR	1	915
2004년	DT_YEAR	5	26	21	5	2004년	26	DT_YEAR	1	2426
3위	QT_ORDER	2	26	22	4	3위	26	QT_ORDER	1	2695
공	CV_SPORTS_INST	1	20	15	5	공	26	CV_SPORTS_INST	2	56
공	PS_NAME	1	6	6	0	공	26	PS_NAME	2	21537
단원고	OGG_EDUCATION	3	26	23	3	단원고	26	OGG_EDUCATION	1	491
비행기	AF_TRANSPORT	3	26	19	7	비행기	26	AF_TRANSPORT	1	1217
성우	CV_OCCUPATION	2	26	21	5	성우	26	CV_OCCUPATION	1	4368
송강호	PS_NAME	3	26	23	3	송강호	26	PS_NAME	1	21537
수원	LCP_CITY	2	25	22	3	수원	26	LCP_CITY	2	1768
수원	OGG_SPORTS	2	1	1	0	수원	26	OGG_SPORTS	2	1017
연합뉴스	OGG_MEDIA	4	26	19	7	연합뉴스	26	OGG_MEDIA	1	1276
여름	DT_SEASON	2	26	18	8	여름	26	DT_SEASON	1	91
여의도	LCP_COUNTY	3	26	23	3	여의도	26	LCP_COUNTY	1	1341
유엔	OGG_OTHERS	2	26	19	7	유엔	26	OGG_OTHERS	1	591
한명	QT_MAN_COUNT	2	26	22	4	한명	26	QT_MAN_COUNT	1	2254
한번쯤	QT_COUNT	3	25	22	3	한번쯤	26	QT_COUNT	2	3399
한번쯤	QT_ORDER	3	1	1	0	한번쯤	26	QT_ORDER	2	2695
하지원	PS_NAME	3	26	22	4	하지원	26	PS_NAME	1	21537
황	PS_NAME	1	26	20	6	황	26	PS_NAME	1	21537
10개	QT_COUNT	3	25	22	3	10개	25	QT_COUNT	1	3399
1인	QT_MAN_COUNT	2	25	17	8	1인	25	QT_MAN_COUNT	1	2254
9명	QT_MAN_COUNT	2	25	17	8	9명	25	QT_MAN_COUNT	1	2254
EBS	OGG_MEDIA	3	25	23	2	EBS	25	OGG_MEDIA	1	1276
강원	LCP_PROVINCE	2	25	17	8	강원	25	LCP_PROVINCE	1	1100
구글	OGG_ECONOMY	2	18	14	4	구글	25	OGG_ECONOMY	2	2003
구글	TMI_SERVICE	2	7	7	0	구글	25	TMI_SERVICE	2	716
구속기소	CV_LAW	4	25	25	0	구속기소	25	CV_LAW	1	1162
서	PS_NAME	1	24	19	5	서	25	PS_NAME	2	21537
서	TM_DIRECTION	1	1	0	1	서	25	TM_DIRECTION	2	651
아이유	PS_NAME	3	25	24	1	아이유	25	PS_NAME	1	21537
아이패드	AFW_OTHER_PRODUCTS	4	25	23	2	아이패드	25	AFW_OTHER_PRODUCTS	1	376
울산	LCP_CITY	2	23	19	4	울산	25	LCP_CITY	2	1768
울산	OGG_SPORTS	2	2	2	0	울산	25	OGG_SPORTS	2	1017
의장	CV_POSITION	2	25	20	5	의장	25	CV_POSITION	1	4600
지난 12일	DT_DAY	6	25	17	8	지난 12일	25	DT_DAY	1	5422
지난 15일	DT_DAY	6	25	19	6	지난 15일	25	DT_DAY	1	5422
충북	LCP_PROVINCE	2	25	20	5	충북	25	LCP_PROVINCE	1	1100
터키	LCP_COUNTRY	2	24	21	3	터키	25	LCP_COUNTRY	2	4628
터키	OGG_POLITICS	2	1	1	0	터키	25	OGG_POLITICS	2	4964
통합진보당	OGG_POLITICS	5	25	23	2	통합진보당	25	OGG_POLITICS	1	4964
프랑스 영화	CV_ART	6	25	24	1	프랑스 영화	25	CV_ART	1	7666
한편	QT_COUNT	2	24	22	2	한편	25	QT_COUNT	2	3399
한편	QT_ORDER	2	1	1	0	한편	25	QT_ORDER	2	2695
하나만	QT_COUNT	3	25	17	8	하나만	25	QT_COUNT	1	3399
형제	CV_RELATION	2	25	15	10	형제	25	CV_RELATION	1	1813
26	QT_AGE	2	24	19	5	26	24	QT_AGE	1	1336
10년전	DT_OTHERS	4	24	19	5	10년전	24	DT_OTHERS	1	1709
10명	QT_MAN_COUNT	3	24	19	5	10명	24	QT_MAN_COUNT	1	2254
1회	QT_ORDER	2	9	6	3	1회	24	QT_ORDER	3	2695
1회	QT_COUNT	2	9	8	1	1회	24	QT_COUNT	3	3399
1회	EV_SPORTS	2	6	4	2	1회	24	EV_SPORTS	3	860
5년	DT_DURATION	2	23	20	3	5년	24	DT_DURATION	2	1911
5년	DT_YEAR	2	1	1	0	5년	24	DT_YEAR	2	2426
8명	QT_MAN_COUNT	2	24	17	7	8명	24	QT_MAN_COUNT	1	2254
8점대	QT_OTHERS	3	24	22	2	8점대	24	QT_OTHERS	1	1917
JTBC	OGG_MEDIA	4	24	19	5	JTBC	24	OGG_MEDIA	1	1276
김 의원	PS_NAME	4	24	21	3	김 의원	24	PS_NAME	1	21537
아르헨티나	LCP_COUNTRY	5	13	11	2	아르헨티나	24	LCP_COUNTRY	2	4628
아르헨티나	OGG_SPORTS	5	11	8	3	아르헨티나	24	OGG_SPORTS	2	1017
오	PS_NAME	1	24	21	3	오	24	PS_NAME	1	21537
위키트리	OGG_MEDIA	4	20	18	2	위키트리	24	OGG_MEDIA	3	1276
위키트리	TMI_SERVICE	4	3	3	0	위키트리	24	TMI_SERVICE	3	716
위키트리	OGG_ECONOMY	4	1	1	0	위키트리	24	OGG_ECONOMY	3	2003
주윤발	PS_NAME	3	24	23	1	주윤발	24	PS_NAME	1	21537
지구	LC_SPACE	2	24	22	2	지구	24	LC_SPACE	1	72
지난 13일	DT_DAY	6	24	21	3	지난 13일	24	DT_DAY	1	5422
지난 19일	DT_DAY	6	24	20	4	지난 19일	24	DT_DAY	1	5422
지난 8일	DT_DAY	5	24	20	4	지난 8일	24	DT_DAY	1	5422
차승원	PS_NAME	3	24	18	6	차승원	24	PS_NAME	1	21537
해군	OGG_MILITARY	2	24	21	3	해군	24	OGG_MILITARY	1	484
27	QT_AGE	2	22	20	2	27	23	QT_AGE	2	1336
27	DT_DAY	2	1	1	0	27	23	DT_DAY	2	5422
30	QT_AGE	2	19	17	2	30	23	QT_AGE	4	1336
30	TI_MINUTE	2	2	1	1	30	23	TI_MINUTE	4	434
30	QT_PERCENTAGE	2	1	1	0	30	23	QT_PERCENTAGE	4	757
30	DT_DAY	2	1	1	0	30	23	DT_DAY	4	5422
1시간	TI_DURATION	3	22	19	3	1시간	23	TI_DURATION	2	2402
1시간	TI_HOUR	3	1	1	0	1시간	23	TI_HOUR	2	915
2002년	DT_YEAR	5	23	16	7	2002년	23	DT_YEAR	1	2426
2학년	QT_ORDER	3	23	17	6	2학년	23	QT_ORDER	1	2695
4대	QT_COUNT	2	21	20	1	4대	23	QT_COUNT	2	3399
4대	QT_ORDER	2	2	1	1	4대	23	QT_ORDER	2	2695
70년대	DT_YEAR	4	23	0	23	70년대	23	DT_YEAR	1	2426
7개	QT_COUNT	2	23	20	3	7개	23	QT_COUNT	1	3399
고양이	AM_MAMMALIA	3	23	17	6	고양이	23	AM_MAMMALIA	1	174
내일	DT_DAY	2	22	15	7	내일	23	DT_DAY	2	5422
내일	OGG_ECONOMY	2	1	1	0	내일	23	OGG_ECONOMY	2	2003
다음날	DT_DAY	3	23	19	4	다음날	23	DT_DAY	1	5422
류승범	PS_NAME	3	23	21	2	류승범	23	PS_NAME	1	21537
문재인	PS_NAME	3	23	19	4	문재인	23	PS_NAME	1	21537
미사일	AF_WEAPON	3	23	21	2	미사일	23	AF_WEAPON	1	307
병장	CV_POSITION	2	23	17	6	병장	23	CV_POSITION	1	4600
부장검사	CV_POSITION	4	23	21	2	부장검사	23	CV_POSITION	1	4600
스위스	LCP_COUNTRY	3	17	13	4	스위스	23	LCP_COUNTRY	2	4628
스위스	OGG_SPORTS	3	6	4	2	스위스	23	OGG_SPORTS	2	1017
아이폰6	AFW_OTHER_PRODUCTS	4	23	21	2	아이폰6	23	AFW_OTHER_PRODUCTS	1	376
아프리카	LCG_CONTINENT	4	23	17	6	아프리카	23	LCG_CONTINENT	1	222
올 시즌	DT_DURATION	4	23	16	7	올 시즌	23	DT_DURATION	1	1911
원내대표	CV_POSITION	4	23	21	2	원내대표	23	CV_POSITION	1	4600
위안부	CV_OCCUPATION	3	23	17	6	위안부	23	CV_OCCUPATION	1	4368
인도네시아	LCP_COUNTRY	5	20	18	2	인도네시아	23	LCP_COUNTRY	3	4628
인도네시아	OGG_SPORTS	5	2	1	1	인도네시아	23	OGG_SPORTS	3	1017
인도네시아	OGG_POLITICS	5	1	1	0	인도네시아	23	OGG_POLITICS	3	4964
일	LCP_COUNTRY	1	13	8	5	일	23	LCP_COUNTRY	3	4628
일	OGG_POLITICS	1	9	9	0	일	23	OGG_POLITICS	3	4964
일	QT_COUNT	1	1	1	0	일	23	QT_COUNT	3	3399
이사장	CV_POSITION	3	23	19	4	이사장	23	CV_POSITION	1	4600
이석기	PS_NAME	3	23	21	2	이석기	23	PS_NAME	1	21537
임원	CV_POSITION	2	23	20	3	임원	23	CV_POSITION	1	4600
정상회담	EV_OTHERS	4	23	19	4	정상회담	23	EV_OTHERS	1	981
중부	TM_DIRECTION	2	23	19	4	중부	23	TM_DIRECTION	1	651
지난 17일	DT_DAY	6	23	17	6	지난 17일	23	DT_DAY	1	5422
지난 2월	DT_MONTH	5	23	20	3	지난 2월	23	DT_MONTH	1	1474
철도노조	OGG_OTHERS	4	23	23	0	철도노조	23	OGG_OTHERS	1	591
토요일	DT_DAY	3	23	21	2	토요일	23	DT_DAY	1	5422
한 편	QT_COUNT	3	23	21	2	한 편	23	QT_COUNT	1	3399
23	QT_AGE	2	22	16	6	23	22	QT_AGE	1	1336
100%	QT_PERCENTAGE	4	22	19	3	100%	22	QT_PERCENTAGE	1	757
20년전	DT_OTHERS	4	21	21	0	20년전	22	DT_OTHERS	2	1709
20년전	DT_DURATION	4	1	1	0	20년전	22	DT_DURATION	2	1911
2번	QT_COUNT	2	12	11	1	2번	22	QT_COUNT	2	3399
2번	QT_ORDER	2	10	8	2	2번	22	QT_ORDER	2	2695
CEO	CV_POSITION	3	22	19	3	CEO	22	CV_POSITION	1	4600
YTN	OGG_MEDIA	3	22	20	2	YTN	22	OGG_MEDIA	1	1276
국토부	OGG_POLITICS	3	22	15	7	국토부	22	OGG_POLITICS	1	4964
김명민	PS_NAME	3	22	21	1	김명민	22	PS_NAME	1	21537
당선인	CV_POSITION	3	22	20	2	당선인	22	CV_POSITION	1	4600
다리	AM_PART	2	22	20	2	다리	22	AM_PART	1	1021
대사	CV_POSITION	2	22	20	2	대사	22	CV_POSITION	1	4600
동부	TM_DIRECTION	2	22	15	7	동부	22	TM_DIRECTION	1	651
두번째	QT_ORDER	3	22	19	3	두번째	22	QT_ORDER	1	2695
민주통합당	OGG_POLITICS	5	22	17	5	민주통합당	22	OGG_POLITICS	1	4964
박지성	PS_NAME	3	22	18	4	박지성	22	PS_NAME	1	21537
베트남	LCP_COUNTRY	3	22	20	2	베트남	22	LCP_COUNTRY	1	4628
불구속 기소	CV_LAW	6	22	22	0	불구속 기소	22	CV_LAW	1	1162
셰프	CV_OCCUPATION	2	22	18	4	셰프	22	CV_OCCUPATION	1	4368
수지	PS_NAME	2	22	21	1	수지	22	PS_NAME	1	21537
심형래	PS_NAME	3	22	20	2	심형래	22	PS_NAME	1	21537
액션영화	CV_ART	4	22	22	0	액션영화	22	CV_ART	1	7666
연간	DT_DURATION	2	22	17	5	연간	22	DT_DURATION	1	1911
오전 10시	TI_HOUR	6	22	18	4	오전 10시	22	TI_HOUR	1	915
오후 2시	TI_HOUR	5	17	14	3	오후 2시	22	TI_HOUR	3	915
오후 2시	TI_OTHERS	5	4	4	0	오후 2시	22	TI_OTHERS	3	691
오후 2시	TI_DURATION	5	1	1	0	오후 2시	22	TI_DURATION	3	2402
왼쪽	TM_DIRECTION	2	22	14	8	왼쪽	22	TM_DIRECTION	1	651
유명한	PS_NAME	3	22	22	0	유명한	22	PS_NAME	1	21537
음악	CV_ART	2	22	7	15	음악	22	CV_ART	1	7666
장동민	PS_NAME	3	22	17	5	장동민	22	PS_NAME	1	21537
전도연	PS_NAME	3	22	22	0	전도연	22	PS_NAME	1	21537
정우성	PS_NAME	3	22	19	3	정우성	22	PS_NAME	1	21537
지난 1월	DT_MONTH	5	22	18	4	지난 1월	22	DT_MONTH	1	1474
차량	AF_TRANSPORT	2	22	14	8	차량	22	AF_TRANSPORT	1	1217
총기	AF_WEAPON	2	22	20	2	총기	22	AF_WEAPON	1	307
티비	TMI_HW	2	22	16	6	티비	22	TMI_HW	1	854
팔	AM_PART	1	22	18	4	팔	22	AM_PART	1	1021
한 사람	QT_MAN_COUNT	4	22	19	3	한 사람	22	QT_MAN_COUNT	1	2254
한효주	PS_NAME	3	22	20	2	한효주	22	PS_NAME	1	21537
홍콩영화	CV_ART	4	22	20	2	홍콩영화	22	CV_ART	1	7666
43	QT_AGE	2	21	18	3	43	21	QT_AGE	1	1336
12명	QT_MAN_COUNT	3	21	20	1	12명	21	QT_MAN_COUNT	1	2254
2000년	DT_YEAR	5	21	17	4	2000년	21	DT_YEAR	1	2426
2006년	DT_YEAR	5	21	16	5	2006년	21	DT_YEAR	1	2426
6개	QT_COUNT	2	21	19	2	6개	21	QT_COUNT	1	3399
개	AM_MAMMALIA	1	21	17	4	개	21	AM_MAMMALIA	1	174
겨울	DT_SEASON	2	20	17	3	겨울	21	DT_SEASON	2	91
겨울	DT_OTHERS	2	1	1	0	겨울	21	DT_OTHERS	2	1709
고속도로	AF_ROAD	4	21	21	0	고속도로	21	AF_ROAD	1	209
다음 달	DT_MONTH	4	21	19	2	다음 달	21	DT_MONTH	1	1474
라디오	TMI_HW	3	20	17	3	라디오	21	TMI_HW	2	854
라디오	AFA_VIDEO	3	1	1	0	라디오	21	AFA_VIDEO	2	2799
만화	CV_ART	2	21	13	8	만화	21	CV_ART	1	7666
미군	OGG_MILITARY	2	21	19	2	미군	21	OGG_MILITARY	1	484
서부	TM_DIRECTION	2	18	15	3	서부	21	TM_DIRECTION	3	651
서부	LC_OTHERS	2	2	2	0	서부	21	LC_OTHERS	3	1375
서부	CV_ART	2	1	0	1	서부	21	CV_ART	3	7666
소녀시대	PS_NAME	4	21	18	3	소녀시대	21	PS_NAME	1	21537
소방관	CV_OCCUPATION	3	21	19	2	소방관	21	CV_OCCUPATION	1	4368
유가족	CV_RELATION	3	21	21	0	유가족	21	CV_RELATION	1	1813
제1위원장	CV_POSITION	5	21	20	1	제1위원장	21	CV_POSITION	1	4600
제2	QT_ORDER	2	21	18	3	제2	21	QT_ORDER	1	2695
조별리그	EV_SPORTS	4	21	18	3	조별리그	21	EV_SPORTS	1	860
짐캐리	PS_NAME	3	21	13	8	짐캐리	21	PS_NAME	1	21537
지난 14일	DT_DAY	6	21	19	2	지난 14일	21	DT_DAY	1	5422
지난 21일	DT_DAY	6	21	18	3	지난 21일	21	DT_DAY	1	5422
지난 6일	DT_DAY	5	21	15	6	지난 6일	21	DT_DAY	1	5422
지난해 12월	DT_OTHERS	7	21	18	3	지난해 12월	21	DT_OTHERS	1	1709
추신수	PS_NAME	3	21	18	3	추신수	21	PS_NAME	1	21537
충남	LCP_PROVINCE	2	21	15	6	충남	21	LCP_PROVINCE	1	1100
헬기	AF_TRANSPORT	2	21	11	10	헬기	21	AF_TRANSPORT	1	1217
홍상수	PS_NAME	3	21	20	1	홍상수	21	PS_NAME	1	21537
34	QT_AGE	2	18	15	3	34	20	QT_AGE	3	1336
34	QT_OTHERS	2	1	1	0	34	20	QT_OTHERS	3	1917
34	QT_ORDER	2	1	1	0	34	20	QT_ORDER	3	2695
15세	QT_AGE	3	20	18	2	15세	20	QT_AGE	1	1336
2회	QT_COUNT	2	11	10	1	2회	20	QT_COUNT	3	3399
2회	QT_ORDER	2	6	6	0	2회	20	QT_ORDER	3	2695
2회	EV_SPORTS	2	3	2	1	2회	20	EV_SPORTS	3	860
6년	DT_DURATION	2	19	18	1	6년	20	DT_DURATION	2	1911
6년	DT_YEAR	2	1	1	0	6년	20	DT_YEAR	2	2426
CNN	OGG_MEDIA	3	20	19	1	CNN	20	OGG_MEDIA	1	1276
OST	CV_ART	3	20	16	4	OST	20	CV_ART	1	7666
경찰청	OGG_POLITICS	3	18	15	3	경찰청	20	OGG_POLITICS	2	4964
경찰청	AF_BUILDING	3	2	2	0	경찰청	20	AF_BUILDING	2	655
국무총리	CV_POSITION	4	20	16	4	국무총리	20	CV_POSITION	1	4600
남동생	CV_RELATION	3	19	4	15	남동생	20	CV_RELATION	2	1813
남동생	AFA_VIDEO	3	1	0	1	남동생	20	AFA_VIDEO	2	2799
롯데	OGG_ECONOMY	2	16	12	4	롯데	20	OGG_ECONOMY	3	2003
롯데	OGG_SPORTS	2	3	1	2	롯데	20	OGG_SPORTS	3	1017
롯데	OGG_HOTEL	2	1	1	0	롯데	20	OGG_HOTEL	3	73
말레이시아	LCP_COUNTRY	5	20	17	3	말레이시아	20	LCP_COUNTRY	1	4628
버락 오바마	PS_NAME	6	20	20	0	버락 오바마	20	PS_NAME	1	21537
북한군	OGG_MILITARY	3	20	16	4	북한군	20	OGG_MILITARY	1	484
부장	CV_POSITION	2	20	19	1	부장	20	CV_POSITION	1	4600
선박	AF_TRANSPORT	2	20	17	3	선박	20	AF_TRANSPORT	1	1217
설경구	PS_NAME	3	20	15	5	설경구	20	PS_NAME	1	21537
심장	TM_CELL_TISSUE_ORGAN	2	20	17	3	심장	20	TM_CELL_TISSUE_ORGAN	1	131
안산	LCP_CITY	2	20	17	3	안산	20	LCP_CITY	1	1768
암	TMM_DISEASE	1	20	18	2	암	20	TMM_DISEASE	1	361
육군	OGG_MILITARY	2	20	14	6	육군	20	OGG_MILITARY	1	484
입	AM_PART	1	20	15	5	입	20	AM_PART	1	1021
지난 26일	DT_DAY	6	20	16	4	지난 26일	20	DT_DAY	1	5422
지드래곤	PS_NAME	4	20	17	3	지드래곤	20	PS_NAME	1	21537
총선	EV_OTHERS	2	20	14	6	총선	20	EV_OTHERS	1	981
한 장	QT_COUNT	3	20	18	2	한 장	20	QT_COUNT	1	3399
0	QT_OTHERS	1	16	15	1	0	19	QT_OTHERS	4	1917
0	QT_SPORTS	1	1	0	1	0	19	QT_SPORTS	4	376
0	QT_ORDER	1	1	1	0	0	19	QT_ORDER	4	2695
0	QT_COUNT	1	1	1	0	0	19	QT_COUNT	4	3399
5	TMI_MODEL	1	7	7	0	5	19	TMI_MODEL	5	72
5	QT_ORDER	1	5	5	0	5	19	QT_ORDER	5	2695
5	QT_OTHERS	1	4	4	0	5	19	QT_OTHERS	5	1917
5	QT_AGE	1	2	2	0	5	19	QT_AGE	5	1336
5	DT_DAY	1	1	1	0	5	19	DT_DAY	5	5422
10	QT_OTHERS	2	14	10	4	10	19	QT_OTHERS	4	1917
10	QT_AGE	2	3	1	2	10	19	QT_AGE	4	1336
10	TI_HOUR	2	1	1	0	10	19	TI_HOUR	4	915
10	QT_COUNT	2	1	1	0	10	19	QT_COUNT	4	3399
19	QT_AGE	2	16	13	3	19	19	QT_AGE	4	1336
19	QT_ORDER	2	1	0	1	19	19	QT_ORDER	4	2695
19	QT_MAN_COUNT	2	1	1	0	19	19	QT_MAN_COUNT	4	2254
19	DT_DAY	2	1	1	0	19	19	DT_DAY	4	5422
2003년	DT_YEAR	5	19	16	3	2003년	19	DT_YEAR	1	2426
2016년	DT_YEAR	5	19	14	5	2016년	19	DT_YEAR	1	2426
같은 날	DT_DAY	4	19	16	3	같은 날	19	DT_DAY	1	5422
경위	CV_POSITION	2	19	16	3	경위	19	CV_POSITION	1	4600
국토교통부	OGG_POLITICS	5	19	15	4	국토교통부	19	OGG_POLITICS	1	4964
기성용	PS_NAME	3	19	17	2	기성용	19	PS_NAME	1	21537
메이저리그	OGG_SPORTS	5	19	16	3	메이저리그	19	OGG_SPORTS	1	1017
목포	LCP_CITY	2	18	12	6	목포	19	LCP_CITY	2	1768
목포	OGG_MEDICINE	2	1	1	0	목포	19	OGG_MEDICINE	2	165
밑	TM_DIRECTION	1	19	17	2	밑	19	TM_DIRECTION	1	651
보건당국	OGG_POLITICS	4	19	18	1	보건당국	19	OGG_POLITICS	1	4964
세 번	QT_COUNT	3	19	19	0	세 번	19	QT_COUNT	1	3399
아베	PS_NAME	2	19	16	3	아베	19	PS_NAME	1	21537
엄정화	PS_NAME	3	19	16	3	엄정화	19	PS_NAME	1	21537
외교부	OGG_POLITICS	3	19	17	2	외교부	19	OGG_POLITICS	1	4964
원	PS_NAME	1	17	14	3	원	19	PS_NAME	3	21537
원	QT_COUNT	1	1	0	1	원	19	QT_COUNT	3	3399
원	CV_CURRENCY	1	1	1	0	원	19	CV_CURRENCY	3	23
이대호	PS_NAME	3	19	15	4	이대호	19	PS_NAME	1	21537
이란	LCP_COUNTRY	2	12	11	1	이란	19	LCP_COUNTRY	3	4628
이란	OGG_SPORTS	2	5	3	2	이란	19	OGG_SPORTS	3	1017
이란	OGG_POLITICS	2	2	1	1	이란	19	OGG_POLITICS	3	4964
이순신	PS_NAME	3	14	12	2	이순신	19	PS_NAME	2	21537
이순신	PS_CHARACTER	3	5	3	2	이순신	19	PS_CHARACTER	2	1027
일요일	DT_DAY	3	19	14	5	일요일	19	DT_DAY	1	5422
전주	LCP_CITY	2	18	15	3	전주	19	LCP_CITY	2	1768
전주	LCP_COUNTRY	2	1	1	0	전주	19	LCP_COUNTRY	2	4628
전지현	PS_NAME	3	19	16	3	전지현	19	PS_NAME	1	21537
조카	CV_RELATION	2	19	16	3	조카	19	CV_RELATION	1	1813
지난 23일	DT_DAY	6	19	17	2	지난 23일	19	DT_DAY	1	5422
지난 5일	DT_DAY	5	19	15	4	지난 5일	19	DT_DAY	1	5422
지도자	CV_POSITION	3	19	15	4	지도자	19	CV_POSITION	1	4600
코난	AFA_VIDEO	2	11	10	1	코난	19	AFA_VIDEO	3	2799
코난	PS_CHARACTER	2	7	5	2	코난	19	PS_CHARACTER	3	1027
코난	PS_NAME	2	1	1	0	코난	19	PS_NAME	3	21537
콘서트	EV_FESTIVAL	3	19	19	0	콘서트	19	EV_FESTIVAL	1	199
학부모	CV_RELATION	3	19	19	0	학부모	19	CV_RELATION	1	1813
한 대	QT_COUNT	3	19	16	3	한 대	19	QT_COUNT	1	3399
한 차례	QT_COUNT	4	19	18	1	한 차례	19	QT_COUNT	1	3399
한개	QT_COUNT	2	19	0	19	한개	19	QT_COUNT	1	3399
한사람	QT_MAN_COUNT	3	19	17	2	한사람	19	QT_MAN_COUNT	1	2254
해리포터	AFA_VIDEO	4	14	8	6	해리포터	19	AFA_VIDEO	3	2799
해리포터	AFA_DOCUMENT	4	4	4	0	해리포터	19	AFA_DOCUMENT	3	193
해리포터	PS_CHARACTER	4	1	1	0	해리포터	19	PS_CHARACTER	3	1027
18	QT_AGE	2	14	12	2	18	18	QT_AGE	4	1336
18	QT_OTHERS	2	2	1	1	18	18	QT_OTHERS	4	1917
18	QT_ORDER	2	1	0	1	18	18	QT_ORDER	4	2695
18	QT_MAN_COUNT	2	1	0	1	18	18	QT_MAN_COUNT	4	2254
29	QT_AGE	2	18	16	2	29	18	QT_AGE	1	1336
1%	QT_PERCENTAGE	2	18	13	5	1%	18	QT_PERCENTAGE	1	757
10%	QT_PERCENTAGE	3	18	14	4	10%	18	QT_PERCENTAGE	1	757
30년	DT_DURATION	3	18	15	3	30년	18	DT_DURATION	1	1911
30대	QT_AGE	3	16	14	2	30대	18	QT_AGE	2	1336
30대	QT_COUNT	3	2	1	1	30대	18	QT_COUNT	2	3399
3차	QT_ORDER	2	18	17	1	3차	18	QT_ORDER	1	2695
NLL	LC_OTHERS	3	18	16	2	NLL	18	LC_OTHERS	1	1375
경사	CV_POSITION	2	18	14	4	경사	18	CV_POSITION	1	4600
경찰서	OGG_POLITICS	3	18	16	2	경찰서	18	OGG_POLITICS	1	4964
광화문	LC_OTHERS	3	18	17	1	광화문	18	LC_OTHERS	1	1375
국가대표	CV_POSITION	4	18	15	3	국가대표	18	CV_POSITION	1	4600
국립과학수사연구원	OGG_POLITICS	9	18	14	4	국립과학수사연구원	18	OGG_POLITICS	1	4964
국방위원회	OGG_MILITARY	5	16	12	4	국방위원회	18	OGG_MILITARY	2	484
국방위원회	OGG_POLITICS	5	2	1	1	국방위원회	18	OGG_POLITICS	2	4964
권상우	PS_NAME	3	18	15	3	권상우	18	PS_NAME	1	21537
